<?xml version="1.0" encoding="UTF-8"?>
<project-private xmlns="http://www.netbeans.org/ns/project-private/1">
    <editor-bookmarks xmlns="http://www.netbeans.org/ns/editor-bookmarks/2" lastBookmarkId="0"/>
    <open-files xmlns="http://www.netbeans.org/ns/projectui-open-files/2">
        <group>
            <file>file:/C:/Users/Sandesh/Downloads/phase3_CruzGarcia_almostdone/Ghaith_Husari_PartialP3/src/java/edu/uncc/nbad/ProductTable.java</file>
            <file>file:/C:/Users/Sandesh/Downloads/phase3_CruzGarcia_almostdone/Ghaith_Husari_PartialP3/src/java/edu/uncc/nbad/UserTable.java</file>
            <file>file:/C:/Users/Sandesh/Downloads/phase3_CruzGarcia_almostdone/Ghaith_Husari_PartialP3/src/java/edu/uncc/nbad/Product.java</file>
            <file>file:/C:/Users/Sandesh/Downloads/phase3_CruzGarcia_almostdone/Ghaith_Husari_PartialP3/web/signup.jsp</file>
            <file>file:/C:/Users/Sandesh/Downloads/phase3_CruzGarcia_almostdone/Ghaith_Husari_PartialP3/web/product.jsp</file>
            <file>file:/C:/Users/Sandesh/Downloads/phase3_CruzGarcia_almostdone/Ghaith_Husari_PartialP3/src/java/edu/uncc/nbad/ProductIO.java</file>
            <file>file:/C:/Users/Sandesh/Downloads/phase3_CruzGarcia_almostdone/Ghaith_Husari_PartialP3/web/login.jsp</file>
            <file>file:/C:/Users/Sandesh/Downloads/phase3_CruzGarcia_almostdone/Ghaith_Husari_PartialP3/src/java/edu/uncc/nbad/MembershipServlet.java</file>
        </group>
    </open-files>
</project-private>
